Date,AAPL,GOOG,MSFT,NVDA,TSLA
2022-01-03,178.64566040039062,144.2172393798828,325.0380554199219,30.06613540649414,399.9266662597656
2022-01-04,176.37835693359375,143.5631561279297,319.464599609375,29.236650466918945,383.1966552734375
2022-01-05,171.68670654296875,136.84011840820312,307.2010803222656,27.5537166595459,362.7066650390625
2022-01-06,168.82069396972656,136.7382049560547,304.7735595703125,28.126670837402344,354.8999938964844
2022-01-07,168.9875030517578,136.19493103027344,304.9289245605469,27.197370529174805,342.32000732421875
2022-01-10,169.00718688964844,137.75515747070312,305.1522216796875,27.3500919342041,352.7066650390625
2022-01-11,171.84373474121094,139.19012451171875,305.8416442871094,27.76633071899414,354.79998779296875
2022-01-12,172.2854461669922,140.8109893798828,309.03619384765625,27.947998046875,368.739990234375
2022-01-13,169.00718688964844,138.30886840820312,295.95697021484375,26.526592254638672,343.85333251953125
2022-01-14,169.87088012695312,138.96047973632812,301.20037841796875,26.89292335510254,349.8699951171875
2022-01-18,166.6613311767578,135.48516845703125,293.8692626953125,25.85581398010254,343.5033264160156
2022-01-19,163.1573486328125,134.8504180908203,294.5296325683594,25.021343231201172,331.8833312988281
2022-01-20,161.4691162109375,132.7176055908203,292.849853515625,24.10601043701172,332.0899963378906
2022-01-21,159.40794372558594,129.3232879638672,287.44140625,23.331424713134766,314.6333312988281
2022-01-24,158.6325225830078,129.6016387939453,287.7715759277344,23.32942771911621,310.0
2022-01-25,156.82656860351562,125.98661804199219,280.1202087402344,22.283334732055664,306.1333312988281
2022-01-26,156.7382354736328,128.476318359375,288.1016845703125,22.730520248413086,312.4700012207031
2022-01-27,156.2769012451172,128.35801696777344,291.1408996582031,21.904029846191406,276.3666687011719
2022-01-28,167.1815643310547,132.50189208984375,299.3166198730469,22.798397064208984,282.1166687011719
2022-01-31,171.54930114746094,134.8966827392578,301.9576721191406,24.44139862060547,312.239990234375
2022-02-01,171.38243103027344,137.0637664794922,299.8020935058594,24.593120574951172,310.4166564941406
2022-02-02,172.58969116210938,147.1617431640625,304.3657531738281,25.196020126342773,301.88665771484375
2022-02-03,169.7040557861328,141.8075714111328,292.5099792480469,23.904376983642578,297.0466613769531
2022-02-04,169.41905212402344,142.17092895507812,297.0638732910156,24.274700164794922,307.7733459472656
2022-02-07,168.7016143798828,138.1170196533203,292.2186584472656,24.68295669555664,302.4466552734375
2022-02-08,171.8170166015625,138.390380859375,295.72393798828125,25.062265396118164,307.3333435058594
2022-02-09,173.24200439453125,140.61717224121094,302.1809387207031,26.65635871887207,310.6666564941406
2022-02-10,169.1537322998047,137.7834930419922,293.607177734375,25.776962280273438,301.51666259765625
2022-02-11,165.73367309570312,133.33741760253906,286.48016357421875,23.90537452697754,286.6666564941406
2022-02-14,165.96954345703125,134.50050354003906,286.4413146972656,24.222797393798828,291.9200134277344
2022-02-15,169.81214904785156,135.619384765625,291.7525939941406,26.446739196777344,307.4766540527344
2022-02-16,169.5762939453125,136.67510986328125,291.4120788574219,26.462709426879883,307.7966613769531
2022-02-17,165.96954345703125,131.5266876220703,282.87890625,24.462360382080078,292.1166687011719
2022-02-18,164.41677856445312,129.69654846191406,280.1545104980469,23.59893226623535,285.6600036621094
2022-02-22,161.48812866210938,128.63784790039062,279.9501647949219,23.347396850585938,273.84332275390625
2022-02-23,157.3114013671875,126.83110046386719,272.70135498046875,22.34621810913086,254.67999267578125
2022-02-24,159.9353485107422,131.8895263671875,286.6346740722656,23.704744338989258,266.92333984375
2022-02-25,162.0089874267578,133.724609375,289.28125,24.11299705505371,269.9566650390625
2022-02-28,162.27435302734375,134.09393310546875,290.7212829589844,24.340578079223633,290.1433410644531
2022-03-01,160.38743591308594,133.37518310546875,286.9848937988281,23.434236526489258,288.1233215332031
2022-03-02,163.6894989013672,133.9552459716797,292.0834045410156,24.18000030517578,293.2966613769531
2022-03-03,163.36520385742188,133.51438903808594,287.92877197265625,23.674842834472656,279.7633361816406
2022-03-04,160.3579559326172,131.34129333496094,282.0323486328125,22.89812469482422,279.42999267578125
2022-03-07,156.55467224121094,125.71721649169922,271.3780517578125,21.316736221313477,268.1933288574219
2022-03-08,154.72669982910156,126.52640533447266,268.4006652832031,21.478469848632812,274.79998779296875
2022-03-09,160.1417236328125,133.07498168945312,280.7091369628906,22.975990295410156,286.3233337402344
2022-03-10,155.78810119628906,131.8979949951172,277.8776550292969,22.62058448791504,279.4333190917969
2022-03-11,152.0634002685547,129.7045135498047,272.5067443847656,22.06350326538086,265.1166687011719
2022-03-14,148.0242462158203,125.99208068847656,268.97479248046875,21.294775009155273,255.4566650390625
2022-03-15,152.41717529296875,128.8943328857422,279.39556884765625,22.935062408447266,267.2966613769531
2022-03-16,156.83966064453125,132.90052795410156,286.44012451171875,24.455543518066406,280.07666015625
2022-03-17,157.8518829345703,133.8051300048828,287.2476501464844,24.72510528564453,290.5333251953125
2022-03-18,161.15396118164062,135.99314880371094,292.3169250488281,26.409313201904297,301.7966613769531
2022-03-21,162.52987670898438,135.6720733642578,291.0812072753906,26.689849853515625,307.0533447265625
2022-03-22,165.9105682373047,139.44859313964844,295.8489074707031,26.480199813842773,331.32666015625
2022-03-23,167.27662658691406,137.68507385253906,291.40234375,25.5916690826416,333.03668212890625
2022-03-24,171.07012939453125,140.4769744873047,295.8878479003906,28.103513717651367,337.97332763671875
2022-03-25,171.7089080810547,140.6852569580078,295.47918701171875,27.646268844604492,336.8800048828125
2022-03-28,172.57373046875,141.11122131347656,302.30963134765625,28.172399520874023,363.9466552734375
2022-03-29,175.8758087158203,142.4035186767578,306.89239501953125,28.608675003051758,366.5233459472656
2022-03-30,174.70631408691406,141.80160522460938,305.38421630859375,27.644271850585938,364.663330078125
2022-03-31,171.60079956054688,138.8242950439453,299.984130859375,27.240936279296875,359.20001220703125
2022-04-01,171.3059539794922,139.8686065673828,301.064208984375,26.66788673400879,361.5299987792969
2022-04-04,175.36477661132812,142.79371643066406,306.46429443359375,27.314817428588867,381.8166809082031
2022-04-05,172.0430450439453,140.2294921875,302.4847412109375,25.8881778717041,363.7533264160156
2022-04-06,168.86866760253906,136.36541748046875,291.4120788574219,24.36669158935547,348.586669921875
2022-04-07,169.17337036132812,135.6586456298828,293.2315673828125,24.16802215576172,352.4200134277344
2022-04-08,167.15869140625,133.2186279296875,288.9504089355469,23.08081817626953,341.8299865722656
2022-04-11,162.89346313476562,129.02952575683594,277.5566101074219,21.88080406188965,325.30999755859375
2022-04-12,164.7705841064453,127.61593627929688,274.4429931640625,21.468490600585938,328.98333740234375
2022-04-13,167.4633331298828,129.51611328125,279.8529052734375,22.166332244873047,340.7900085449219
2022-04-14,162.44140625,126.50106048583984,272.2732238769531,21.2228946685791,328.3333435058594
2022-04-18,162.2252197265625,127.20487976074219,272.944580078125,21.747024536132812,334.7633361816406
2022-04-19,164.51504516601562,129.7596893310547,277.5955505371094,22.161344528198242,342.7166748046875
2022-04-20,164.34796142578125,127.48770141601562,278.62689208984375,21.446523666381836,325.73333740234375
2022-04-21,163.55194091796875,124.1992416381836,273.22674560546875,20.14967155456543,336.260009765625
2022-04-22,159.00172424316406,118.90718841552734,266.6298522949219,19.482772827148438,335.01666259765625
2022-04-25,160.07293701171875,122.5217056274414,273.1392517089844,19.8691349029541,332.67333984375
2022-04-26,154.0977020263672,118.79983520507812,262.92279052734375,18.756973266601562,292.1400146484375
2022-04-27,153.87167358398438,114.3408432006836,275.5717468261719,18.38458824157715,293.836669921875
2022-04-28,160.81982421875,118.70589447021484,281.8086853027344,19.749330520629883,292.5033264160156
2022-04-29,154.93309020996094,114.28715515136719,270.02557373046875,18.51637077331543,290.2533264160156
2022-05-02,155.23776245117188,116.46470642089844,276.7879333496094,19.500743865966797,300.9800109863281
2022-05-03,156.7315216064453,117.43147277832031,274.1705322265625,19.569631576538086,303.0833435058594
2022-05-04,163.15884399414062,121.8507080078125,282.1491394042969,20.300418853759766,317.5400085449219
2022-05-05,154.06826782226562,116.05663299560547,269.8601989746094,18.81287956237793,291.09332275390625
2022-05-06,154.79653930664062,114.9765625,267.3110046386719,18.6441593170166,288.54998779296875
2022-05-09,149.6590118408203,112.41578674316406,257.43505859375,16.922008514404297,262.3699951171875
2022-05-10,152.0702667236328,113.90742492675781,262.2221374511719,17.565940856933594,266.67999267578125
2022-05-11,144.18675231933594,113.28759765625,253.51385498046875,16.6025390625,244.6666717529297
2022-05-12,140.3089599609375,112.4923324584961,248.454345703125,16.14828872680664,242.6666717529297
2022-05-13,144.78713989257812,115.82701110839844,254.0684814453125,17.676759719848633,256.5299987792969
2022-05-16,143.24192810058594,114.11418914794922,254.43826293945312,17.235492706298828,241.4566650390625
2022-05-17,146.88351440429688,116.01190948486328,259.6145935058594,18.146982192993164,253.8699951171875
2022-05-18,138.59646606445312,111.73682403564453,247.79441833496094,16.91002655029297,236.60333251953125
2022-05-19,135.18125915527344,110.09109497070312,246.87767028808594,17.095720291137695,236.47332763671875
2022-05-20,135.4174346923828,108.66706848144531,246.31202697753906,16.66642951965332,221.3000030517578
2022-05-23,140.85031127929688,111.00665283203125,254.20187377929688,16.870094299316406,224.96665954589844
2022-05-24,138.14369201660156,105.30007934570312,253.19735717773438,16.127323150634766,209.3866729736328
2022-05-25,138.30117797851562,105.21409606933594,256.02557373046875,16.94696617126465,219.60000610351562
2022-05-26,141.5096893310547,107.65606689453125,259.3219909667969,17.82151985168457,235.91000366210938
2022-05-27,147.27719116210938,112.1324691772461,266.48040771484375,18.779935836791992,253.2100067138672
2022-05-31,146.4897918701172,113.36514282226562,265.1443176269531,18.641162872314453,252.75332641601562
2022-06-01,146.36187744140625,113.46255493164062,265.6806945800781,18.289743423461914,246.7899932861328
2022-06-02,148.82240295410156,117.05023956298828,267.78729248046875,19.559642791748047,258.3333435058594
2022-06-03,143.08447265625,113.88703918457031,263.3400573730469,18.689085006713867,234.51666259765625
2022-06-06,143.8324432373047,116.31908416748047,262.1014709472656,18.754976272583008,238.27999877929688
2022-06-07,146.36187744140625,116.53678894042969,265.7586669921875,18.894744873046875,238.8866729736328
2022-06-08,145.6237335205078,116.54522705078125,263.7204284667969,18.621139526367188,241.86666870117188
2022-06-09,140.38772583007812,114.23894500732422,258.23944091796875,18.022008895874023,239.7066650390625
2022-06-10,134.96473693847656,110.76907348632812,246.73138427734375,16.949548721313477,232.22999572753906
2022-06-13,129.797607421875,106.24496459960938,236.26683044433594,15.624463081359863,215.73666381835938
2022-06-14,130.66372680664062,106.56058502197266,238.441650390625,15.813190460205078,220.88999938964844
2022-06-15,133.2915802001953,109.73819732666016,245.5317840576172,16.503192901611328,233.0
2022-06-16,128.00636291503906,106.0058822631836,238.9097900390625,15.578529357910156,213.10000610351562
2022-06-17,129.482666015625,107.22811889648438,241.5235137939453,15.857128143310547,216.75999450683594
2022-06-21,133.72462463378906,111.35308837890625,247.4628448486328,16.542137145996094,237.0366668701172
2022-06-22,133.2128448486328,111.37197875976562,246.86795043945312,16.336435317993164,236.086669921875
2022-06-23,136.08673095703125,112.0186538696289,252.45614624023438,16.201627731323242,235.07000732421875
2022-06-24,139.42318725585938,117.83756256103516,261.0774841308594,17.101333618164062,245.7066650390625
2022-06-27,139.42318725585938,115.9333724975586,258.3370056152344,16.84470558166504,244.9199981689453
2022-06-28,135.26983642578125,111.90631866455078,250.1350555419922,15.958980560302734,232.663330078125
2022-06-29,137.0315704345703,111.59317016601562,253.8215789794922,15.519613265991211,228.49000549316406
2022-06-30,134.56117248535156,108.72621154785156,250.47640991210938,15.137165069580078,224.47332763671875
2022-07-01,136.7362823486328,108.43643951416016,253.15834045410156,14.502082824707031,227.26333618164062
2022-07-05,139.3247528076172,113.21403503417969,256.3475036621094,14.9424467086792,233.06666564941406
2022-07-06,140.66329956054688,114.53269958496094,259.62432861328125,15.108206748962402,231.73333740234375
2022-07-07,144.03915405273438,118.60102081298828,261.7601318359375,15.835158348083496,244.5433349609375
2022-07-08,144.71820068359375,119.45842742919922,261.0384826660156,15.815186500549316,250.76333618164062
2022-07-11,142.5824737548828,115.83396911621094,257.96636962890625,15.130175590515137,234.3433380126953
2022-07-12,143.55686950683594,114.17086029052734,247.3945770263672,15.06027603149414,233.07000732421875
2022-07-13,143.19271850585938,111.52409362792969,246.46807861328125,15.142156600952148,237.0399932861328
2022-07-14,146.12567138671875,110.78150177001953,247.79441833496094,15.349858283996582,238.31333923339844
2022-07-15,147.798828125,112.10066223144531,250.36912536621094,15.739297866821289,240.06666564941406
2022-07-18,144.74777221679688,109.26053619384766,247.960205078125,16.077808380126953,240.54666137695312
2022-07-19,148.61569213867188,113.94271850585938,253.1095733642578,16.967525482177734,245.52999877929688
2022-07-20,150.62347412109375,114.0222396850586,255.7818145751953,17.781347274780273,247.5
2022-07-21,152.89703369140625,114.36022186279297,258.2882385253906,18.024002075195312,271.7066650390625
2022-07-22,151.6569366455078,107.71969604492188,253.91903686523438,17.29405403137207,272.24334716796875
2022-07-25,150.53492736816406,107.5705795288086,252.4268798828125,16.999479293823242,268.4333190917969
2022-07-26,149.20623779296875,104.81694030761719,245.6683349609375,16.509185791015625,258.8599853515625
2022-07-27,154.3142852783203,112.92872619628906,262.091796875,17.764375686645508,274.82000732421875
2022-07-28,154.86544799804688,113.91287994384766,269.572021484375,17.958097457885742,280.8999938964844
2022-07-29,159.94395446777344,115.95076751708984,273.79486083984375,18.1368408203125,297.1499938964844
2022-08-01,158.95974731445312,114.7976303100586,271.1324157714844,18.414438247680664,297.27667236328125
2022-08-02,157.4834442138672,115.21514892578125,268.0213623046875,18.499311447143555,300.586669921875
2022-08-03,163.50682067871094,118.07813262939453,275.4820861816406,18.865785598754883,307.39666748046875
2022-08-04,163.19187927246094,118.16759490966797,276.6329345703125,19.18732261657715,308.6333312988281
2022-08-05,162.9651641845703,117.52143859863281,275.9112548828125,18.961650848388672,288.1700134277344
2022-08-08,162.4921112060547,117.44190979003906,273.3852844238281,17.767372131347656,290.42333984375
2022-08-09,162.5413818359375,116.8056869506836,275.3162841796875,17.061386108398438,283.3333435058594
2022-08-10,166.79908752441406,119.93706512451172,282.006591796875,18.070932388305664,294.3566589355469
2022-08-11,166.0598907470703,119.11198425292969,279.91949462890625,17.916154861450195,286.6300048828125
2022-08-12,169.61781311035156,121.9252700805664,284.6885681152344,18.68205451965332,300.0299987792969
2022-08-15,170.69212341308594,122.15389251708984,286.2099609375,19.004587173461914,309.32000732421875
2022-08-16,170.53443908691406,121.78608703613281,285.46875,18.851804733276367,306.5633239746094
2022-08-17,172.0325164794922,119.60901641845703,284.71624755859375,18.308589935302734,303.9966735839844
2022-08-18,171.6382598876953,120.14582824707031,283.59234619140625,18.745962142944336,302.8699951171875
2022-08-19,169.04620361328125,117.42202758789062,279.6634216308594,17.823293685913086,296.6666564941406
2022-08-22,165.15316772460938,114.39005279541016,271.4538269042969,17.009464263916016,289.913330078125
2022-08-23,164.8180389404297,114.09181213378906,270.1735534667969,17.156253814697266,296.4533386230469
2022-08-24,165.11375427246094,114.0222396850586,269.538330078125,17.19719123840332,297.0966796875
2022-08-25,167.57765197753906,117.00450134277344,272.52886962890625,17.8872013092041,296.07000732421875
2022-08-26,161.2601318359375,110.64232635498047,262.0127868652344,16.236581802368164,288.0899963378906
2022-08-29,159.05245971679688,109.68799591064453,259.2176818847656,15.778241157531738,284.82000732421875
2022-08-30,156.61807250976562,109.26053619384766,257.0088195800781,15.445719718933105,277.70001220703125
2022-08-31,154.95242309570312,108.5050277709961,255.5429229736328,15.072259902954102,275.6099853515625
2022-09-01,155.68177795410156,109.89675903320312,254.49713134765625,13.916923522949219,277.1600036621094
2022-09-02,153.56277465820312,108.03780364990234,250.25550842285156,13.627344131469727,270.2099914550781
2022-09-06,152.30125427246094,106.84490966796875,247.50918579101562,13.445606231689453,274.4200134277344
2022-09-07,153.71063232421875,109.82717895507812,252.239501953125,13.698315620422363,283.70001220703125
2022-09-08,152.23226928710938,108.7734375,252.65972900390625,13.974000930786133,289.260009765625
2022-09-09,155.10023498535156,111.1194839477539,258.4650573730469,14.370546340942383,299.67999267578125
2022-09-12,161.0728759765625,111.2089614868164,260.6054382324219,14.488409996032715,304.4200134277344
2022-09-13,151.62120056152344,104.68772888183594,246.2777862548828,13.115981101989746,292.1300048828125
2022-09-14,153.06996154785156,105.24441528320312,246.50253295898438,13.11298656463623,302.6099853515625
2022-09-15,150.17236328125,103.28605651855469,239.81759643554688,12.914215087890625,303.75
2022-09-16,148.52647399902344,103.01764678955078,239.19212341308594,13.182905197143555,303.3500061035156
2022-09-19,152.25198364257812,103.23633575439453,238.97711181640625,13.366694450378418,309.07000732421875
2022-09-20,154.6370391845703,101.22828674316406,236.9540252685547,13.160930633544922,308.7300109863281
2022-09-21,151.50291442871094,99.41903686523438,233.53335571289062,13.245835304260254,300.79998779296875
2022-09-22,150.5370635986328,99.9757308959961,235.517333984375,12.54663372039795,288.5899963378906
2022-09-23,148.26036071777344,98.58399963378906,232.5266876220703,12.501684188842773,275.3299865722656
2022-09-26,148.595458984375,98.22613525390625,232.06736755371094,12.214014053344727,276.010009765625
2022-09-27,149.57118225097656,97.5103759765625,231.0509490966797,12.398804664611816,282.94000244140625
2022-09-28,147.6788787841797,100.14472198486328,235.6053009033203,12.72143268585205,287.80999755859375
2022-09-29,140.42503356933594,97.5103759765625,232.11624145507812,12.206026077270508,268.2099914550781
2022-09-30,136.20677185058594,95.58184051513672,227.62051391601562,12.125117301940918,265.25
2022-10-03,140.39544677734375,98.7132339477539,235.28280639648438,12.49769115447998,242.39999389648438
2022-10-04,143.99281311035156,101.80485534667969,243.23826599121094,13.151939392089844,249.44000244140625
2022-10-05,144.2884979248047,101.61598205566406,243.551025390625,13.193891525268555,240.80999755859375
2022-10-06,143.3324737548828,101.63585662841797,241.1956329345703,13.114984512329102,238.1300048828125
2022-10-07,138.0695037841797,98.98164367675781,228.93014526367188,12.062190055847168,223.07000732421875
2022-10-10,138.3947296142578,98.12671661376953,224.05323791503906,11.656652450561523,222.9600067138672
2022-10-11,136.97549438476562,97.47062683105469,220.30030822753906,11.572750091552734,216.5
2022-10-12,136.34475708007812,97.71914672851562,220.63258361816406,11.486848831176758,217.24000549316406
2022-10-13,140.92770385742188,99.12081146240234,228.93014526367188,11.946319580078125,221.72000122070312
2022-10-14,136.3842010498047,96.60576629638672,223.37890625,11.214160919189453,204.99000549316406
2022-10-17,140.3560333251953,100.18448638916016,232.14553833007812,11.87440299987793,219.35000610351562
2022-10-18,141.6767120361328,100.79088592529297,233.09356689453125,11.953315734863281,220.19000244140625
2022-10-19,141.78512573242188,99.6973876953125,231.1193389892578,12.037217140197754,222.0399932861328
2022-10-20,141.32191467285156,99.93595886230469,230.7968292236328,12.180054664611816,207.27999877929688
2022-10-21,145.1459197998047,100.88035583496094,236.63150024414062,12.451744079589844,214.44000244140625
2022-10-24,147.2945098876953,102.3615493774414,241.6452178955078,12.58459186553955,211.25
2022-10-25,150.14283752441406,104.3099594116211,244.97792053222656,13.245835304260254,222.4199981689453
2022-10-26,147.19593811035156,94.25971221923828,226.07635498046875,12.881250381469727,224.63999938964844
2022-10-27,142.7115478515625,92.05281829833984,221.60992431640625,13.160930633544922,225.08999633789062
2022-10-28,153.4937744140625,96.00931549072266,230.52316284179688,13.818178176879883,228.52000427246094
2022-10-31,151.12841796875,94.10066223144531,226.86798095703125,13.481562614440918,227.5399932861328
2022-11-01,148.4771728515625,89.9652328491211,222.99771118164062,13.527512550354004,227.82000732421875
2022-11-02,142.93824768066406,86.55549621582031,215.1106719970703,13.203882217407227,214.97999572753906
2022-11-03,136.87696838378906,82.99665069580078,209.39324951171875,13.40565013885498,215.30999755859375
2022-11-04,136.61041259765625,86.18768310546875,216.37139892578125,14.139809608459473,207.47000122070312
2022-11-07,137.1434783935547,88.12616729736328,222.70452880859375,14.28464412689209,197.0800018310547
2022-11-08,137.71607971191406,88.38462829589844,223.68186950683594,14.585301399230957,191.3000030517578
2022-11-09,133.1453094482422,86.88355255126953,219.4207000732422,13.76024341583252,177.58999633789062
2022-11-10,144.99183654785156,93.61353302001953,237.47203063964844,15.731986999511719,190.72000122070312
2022-11-11,147.78564453125,96.15840911865234,241.50840759277344,16.308326721191406,195.97000122070312
2022-11-14,146.3838348388672,95.46255493164062,236.07440185546875,16.2763671875,190.9499969482422
2022-11-15,148.1212921142578,98.13665771484375,236.48489379882812,16.646942138671875,194.4199981689453
2022-11-16,146.88726806640625,98.40505981445312,236.91610717773438,15.891803741455078,186.9199981689453
2022-11-17,148.7926025390625,97.91796112060547,236.86712646484375,15.65907096862793,183.1699981689453
2022-11-18,149.35531616210938,97.22210693359375,236.41629028320312,15.391376495361328,180.19000244140625
2022-11-21,146.1172637939453,95.26373291015625,237.2297821044922,15.299482345581055,167.8699951171875
2022-11-22,148.25949096679688,96.75486755371094,240.150390625,16.01966094970703,169.91000366210938
2022-11-23,149.13812255859375,98.2360610961914,242.64964294433594,16.500110626220703,183.1999969482422
2022-11-25,146.2159881591797,97.02326965332031,242.56143188476562,16.251394271850586,182.86000061035156
2022-11-28,142.375732421875,95.68126678466797,236.94552612304688,15.80889892578125,182.9199981689453
2022-11-29,139.36473083496094,94.87603759765625,235.5440216064453,15.621113777160645,180.8300018310547
2022-11-30,146.13702392578125,100.85052490234375,250.05909729003906,16.907968521118164,194.6999969482422
2022-12-01,146.4134063720703,100.68153381347656,249.61805725097656,17.119779586791992,194.6999969482422
2022-12-02,145.91983032226562,100.23419189453125,249.94146728515625,16.861011505126953,194.86000061035156
2022-12-05,144.75491333007812,99.27986907958984,245.21746826171875,16.59524917602539,182.4499969482422
2022-12-06,141.08245849609375,96.7349853515625,240.23863220214844,15.972801208496094,179.82000732421875
2022-12-07,139.13768005371094,94.58776092529297,239.50357055664062,16.105682373046875,174.0399932861328
2022-12-08,140.8258056640625,93.39484405517578,242.4732208251953,17.15375328063965,173.44000244140625
2022-12-09,140.34207153320312,92.52005004882812,240.5326385498047,16.985898971557617,179.0500030517578
2022-12-12,142.64227294921875,93.00714874267578,247.4814453125,17.519426345825195,167.82000732421875
2022-12-13,143.60972595214844,95.28361511230469,251.80364990234375,18.055952072143555,160.9499969482422
2022-12-14,141.37864685058594,94.74681091308594,252.09764099121094,17.658302307128906,156.8000030517578
2022-12-15,134.7544708251953,90.66108703613281,244.05113220214844,16.93694305419922,157.6699981689453
2022-12-16,132.78988647460938,90.32311248779297,239.8171844482422,16.556283950805664,150.22999572753906
2022-12-19,130.67724609375,88.62321472167969,235.66160583496094,16.23956298828125,149.8699951171875
2022-12-20,130.608154296875,89.10037231445312,236.98472595214844,16.070716857910156,137.8000030517578
2022-12-21,133.71788024902344,89.71671295166016,239.56234741210938,16.486343383789062,137.57000732421875
2022-12-22,130.53903198242188,87.73847961425781,233.44662475585938,15.3253755569458,125.3499984741211
2022-12-23,130.1737823486328,89.27931213378906,233.97586059570312,15.19249439239502,123.1500015258789
2022-12-27,128.3671875,87.41043090820312,232.24114990234375,14.10845947265625,109.0999984741211
2022-12-28,124.42821502685547,85.94910430908203,229.85952758789062,14.023534774780273,112.70999908447266
2022-12-29,127.9525375366211,88.42439270019531,236.21044921875,14.590031623840332,121.81999969482422
2022-12-30,128.26844787597656,88.20569610595703,235.04417419433594,14.601021766662598,123.18000030517578
2023-01-03,123.4706039428711,89.16995239257812,234.8089599609375,14.302285194396973,108.0999984741211
2023-01-04,124.74411010742188,88.18580627441406,224.53765869140625,14.735898971557617,113.63999938964844
2023-01-05,123.42123413085938,86.25726318359375,217.8828582763672,14.252331733703613,110.33999633789062
2023-01-06,127.96244049072266,87.63907623291016,220.45068359375,14.845803260803223,113.05999755859375
2023-01-09,128.4856414794922,88.27528381347656,222.59707641601562,15.614119529724121,119.7699966430664
2023-01-10,129.0582275390625,88.7126693725586,224.2926483154297,15.89487075805664,118.8499984741211
2023-01-11,131.78294372558594,91.71483612060547,231.07481384277344,15.986788749694824,123.22000122070312
2023-01-12,131.70394897460938,91.36690521240234,233.76023864746094,16.496335983276367,123.55999755859375
2023-01-13,133.03668212890625,92.25164031982422,234.46591186523438,16.88399314880371,122.4000015258789
2023-01-17,134.2016143798828,91.61542510986328,235.5635986328125,17.686279296875,131.49000549316406
2023-01-18,133.48094177246094,91.2376708984375,231.114013671875,17.361570358276367,128.77999877929688
2023-01-19,133.54017639160156,93.35508728027344,227.31129455566406,16.75010871887207,127.16999816894531
2023-01-20,136.10693359375,98.69335174560547,235.4362030029297,17.823158264160156,133.4199981689453
2023-01-23,139.3054962158203,100.61194610595703,237.7492218017578,19.175952911376953,143.75
2023-01-24,140.7073516845703,98.62376403808594,237.21995544433594,19.247894287109375,143.88999938964844
2023-01-25,140.0458984375,96.15840911865234,235.81845092773438,19.305837631225586,144.42999267578125
2023-01-26,142.11907958984375,98.57406616210938,243.061279296875,19.784414291381836,160.27000427246094
2023-01-27,144.06385803222656,100.11489868164062,243.21807861328125,20.34691619873047,177.89999389648438
2023-01-30,141.17132568359375,97.37120056152344,237.87661743164062,19.14498519897461,166.66000366210938
2023-01-31,142.44483947753906,99.27986907958984,242.87509155273438,19.519649505615234,173.22000122070312
2023-02-01,143.57025146484375,100.83064270019531,247.7166748046875,20.924402236938477,181.41000366210938
2023-02-02,148.89134216308594,108.15709686279297,259.3306884765625,21.68971824645996,188.27000427246094
2023-02-03,152.52426147460938,104.59825134277344,253.2051544189453,21.081262588500977,189.97999572753906
2023-02-06,149.78968811035156,102.85860443115234,251.65663146972656,21.070270538330078,194.75999450683594
2023-02-07,152.67234802246094,107.4015884399414,262.23175048828125,22.153308868408203,196.80999755859375
2023-02-08,149.97726440429688,99.40909576416016,261.4183349609375,22.185277938842773,201.2899932861328
2023-02-09,148.94068908691406,94.89591979980469,258.3702087402344,22.317161560058594,207.32000732421875
2023-02-10,149.30653381347656,94.29946899414062,257.86053466796875,21.246112823486328,196.88999938964844
2023-02-13,152.11448669433594,94.43863677978516,265.91693115234375,21.76865005493164,194.63999938964844
2023-02-14,151.47181701660156,94.38893127441406,266.7499694824219,22.95060157775879,209.25
2023-02-15,153.57778930664062,96.5262222290039,264.61785888671875,22.74378204345703,214.24000549316406
2023-02-16,151.97607421875,95.21402740478516,257.572998046875,21.982460021972656,202.0399932861328
2023-02-17,150.82916259765625,94.03106689453125,253.55442810058594,21.36900520324707,208.30999755859375
2023-02-21,146.80502319335938,91.5060806274414,248.25852966308594,20.636655807495117,197.3699951171875
2023-02-22,147.23020935058594,91.25756072998047,247.1187744140625,20.73556900024414,200.86000061035156
2023-02-23,147.71466064453125,90.53187561035156,250.32186889648438,23.64298439025879,202.07000732421875
2023-02-24,145.05502319335938,88.822021484375,244.86875915527344,23.265321731567383,196.8800048828125
2023-02-27,146.25135803222656,89.5676040649414,245.7923583984375,23.48012924194336,207.6300048828125
2023-02-28,145.7471160888672,89.76641082763672,245.06527709960938,23.195383071899414,205.7100067138672
2023-03-01,143.67080688476562,89.97518157958984,241.97027587890625,22.67784309387207,202.77000427246094
2023-03-02,144.26406860351562,91.76454162597656,246.72576904296875,23.293289184570312,190.89999389648438
2023-03-03,149.3262939453125,93.46443176269531,250.83279418945312,23.868785858154297,197.7899932861328
2023-03-06,152.09471130371094,95.01521301269531,252.38519287109375,23.533082962036133,193.80999755859375
2023-03-07,149.88986206054688,93.61353302001953,249.7126922607422,23.271268844604492,187.7100067138672
2023-03-08,151.14552307128906,94.09071350097656,249.27053833007812,24.16362953186035,182.0
2023-03-09,148.89126586914062,92.11248016357422,247.91465759277344,23.41916275024414,172.9199981689453
2023-03-10,146.82484436035156,90.47221374511719,244.24977111816406,22.948501586914062,173.44000244140625
2023-03-13,148.77261352539062,91.1183853149414,249.48670959472656,22.949501037597656,174.47999572753906
2023-03-14,150.86868286132812,93.69307708740234,256.2367858886719,24.045711517333984,183.25999450683594
2023-03-15,151.26419067382812,95.97948455810547,260.8055419921875,24.210594177246094,180.4499969482422
2023-03-16,154.0919189453125,100.4727783203125,271.377685546875,25.52264976501465,184.1300048828125
2023-03-17,153.2515106201172,101.85456085205078,274.5513000488281,25.706518173217773,180.1300048828125
2023-03-20,155.62442016601562,101.32769012451172,267.47705078125,25.881393432617188,183.25
2023-03-21,157.48321533203125,105.21458435058594,268.9999694824219,26.18017578125,197.5800018310547
2023-03-22,156.049560546875,103.60415649414062,267.5360107421875,26.448984146118164,191.14999389648438
2023-03-23,157.13717651367188,105.63211059570312,272.8122253417969,27.171464920043945,192.22000122070312
2023-03-24,158.44229125976562,105.43328094482422,275.6714782714844,26.7597599029541,190.41000366210938
2023-03-27,156.4945068359375,102.45101165771484,271.55462646484375,26.511938095092773,191.80999755859375
2023-03-28,155.87159729003906,100.76106262207031,270.4246826171875,26.391027450561523,189.19000244140625
2023-03-29,158.95640563964844,101.2978744506836,275.6124572753906,26.96461296081543,193.8800048828125
2023-03-30,160.52847290039062,100.72129821777344,279.0906066894531,27.363325119018555,195.27999877929688
2023-03-31,163.0398406982422,103.38546752929688,283.2664489746094,27.757043838500977,207.4600067138672
2023-04-03,164.29551696777344,104.29008483886719,282.21514892578125,27.944910049438477,194.77000427246094
2023-04-04,163.7615966796875,104.49884796142578,282.1659851074219,27.433279037475586,192.5800018310547
2023-04-05,161.91270446777344,104.32984161376953,279.3755798339844,26.8616886138916,185.52000427246094
2023-04-06,162.80255126953125,108.25650787353516,286.50885009765625,27.017580032348633,185.05999755859375
2023-04-10,160.2021942138672,106.31802368164062,284.33740234375,27.559186935424805,184.50999450683594
2023-04-11,158.98606872558594,105.49293518066406,277.89190673828125,27.14948081970215,186.7899932861328
2023-04-12,158.29397583007812,104.59825134277344,278.54046630859375,26.47596549987793,180.5399932861328
2023-04-13,163.69239807128906,107.55071258544922,284.779541015625,26.443988800048828,185.89999389648438
2023-04-14,163.34634399414062,108.81320190429688,281.1441650390625,26.7387752532959,185.0
2023-04-17,163.3660888671875,105.79116821289062,283.7576904296875,26.982601165771484,187.0399932861328
2023-04-18,164.5921173095703,104.49884796142578,283.3352355957031,27.64712142944336,184.30999755859375
2023-04-19,165.73904418945312,104.3994369506836,283.413818359375,27.910934448242188,180.58999633789062
2023-04-20,164.7700653076172,105.27423095703125,281.11468505859375,27.08452796936035,162.99000549316406
2023-04-21,163.15847778320312,105.28418731689453,280.77081298828125,27.099517822265625,165.0800018310547
2023-04-24,163.46498107910156,106.1490249633789,276.8504638671875,27.022573471069336,162.5500030517578
2023-04-25,161.92257690429688,103.99185943603516,270.6113586425781,26.22214698791504,160.6699981689453
2023-04-26,161.91270446777344,103.83279418945312,290.2130126953125,26.936634063720703,153.75
2023-04-27,166.51022338867188,107.72962951660156,299.5078125,27.206439971923828,160.19000244140625
2023-04-28,167.76588439941406,107.58052825927734,301.89544677734375,27.72906494140625,164.30999755859375
2023-05-01,167.67689514160156,107.07353973388672,300.2251281738281,28.889232635498047,161.8300018310547
2023-05-02,166.63876342773438,105.353759765625,300.07769775390625,28.18973159790039,160.30999755859375
2023-05-03,165.5610809326172,105.49293518066406,299.0853576660156,27.782028198242188,160.61000061035156
2023-05-04,163.91978454589844,104.58831024169922,300.07769775390625,27.54220199584961,161.1999969482422
2023-05-05,171.61204528808594,105.58736419677734,305.2261962890625,28.659395217895508,170.05999755859375
2023-05-08,171.5428009033203,107.60041046142578,303.2611999511719,29.130054473876953,171.7899932861328
2023-05-09,169.83233642578125,107.30218505859375,301.6400146484375,28.550472259521484,169.14999389648438
2023-05-10,171.60214233398438,111.61653900146484,306.8572692871094,28.8642520904541,168.5399932861328
2023-05-11,171.7899627685547,116.20923614501953,304.6956481933594,28.557470321655273,172.0800018310547
2023-05-12,170.8593292236328,117.22321319580078,303.5755615234375,28.319637298583984,167.97999572753906
2023-05-15,170.36428833007812,116.26887512207031,304.0570068359375,28.932199478149414,166.35000610351562
2023-05-16,170.36428833007812,119.38038635253906,306.2972106933594,29.192012786865234,166.52000427246094
2023-05-17,170.97811889648438,120.76216888427734,309.19219970703125,30.15631866455078,173.86000061035156
2023-05-18,173.31472778320312,122.79011535644531,313.6429443359375,31.655237197875977,176.88999938964844
2023-05-19,173.4236602783203,122.5217056274414,313.4657287597656,31.241539001464844,180.13999938964844
2023-05-22,172.47315979003906,125.12623596191406,316.26220703125,31.153602600097656,188.8699951171875
2023-05-23,169.85931396484375,122.56149291992188,310.43292236328125,30.66595458984375,185.77000427246094
2023-05-24,170.1365203857422,120.92121887207031,309.0444641113281,30.51605796813965,182.89999389648438
2023-05-25,171.27516174316406,123.6152114868164,320.92974853515625,37.95271301269531,184.47000122070312
2023-05-26,173.69094848632812,124.68882751464844,327.79296875,38.91801452636719,193.1699981689453
2023-05-30,175.5424346923828,123.90349578857422,326.138671875,40.08218765258789,201.16000366210938
2023-05-31,175.492919921875,122.6410140991211,323.36187744140625,37.80681610107422,203.92999267578125
2023-06-01,178.30474853515625,123.63508605957031,327.4877014160156,39.74142837524414,207.52000427246094
2023-06-02,179.15621948242188,124.49002075195312,330.2644958496094,39.29874801635742,213.97000122070312
2023-06-05,177.7998504638672,125.88174438476562,330.79620361328125,39.142860412597656,217.61000061035156
2023-06-06,177.4334716796875,127.15418243408203,328.5708923339844,38.626224517822266,221.30999755859375
2023-06-07,176.05726623535156,122.21354675292969,318.4285583496094,37.45194625854492,224.57000732421875
2023-06-08,178.780029296875,121.94514465332031,320.27978515625,38.48632049560547,234.86000061035156
2023-06-09,179.1661376953125,122.14395904541016,321.786376953125,38.74616241455078,244.39999389648438
2023-06-12,181.9680633544922,123.6152114868164,326.7688293457031,39.45771789550781,249.8300018310547
2023-06-13,181.49282836914062,123.69474029541016,329.1715087890625,40.99676513671875,258.7099914550781
2023-06-14,182.12649536132812,123.64503479003906,332.1748962402344,42.97056198120117,256.7900085449219
2023-06-15,184.16607666015625,125.04670715332031,342.7700500488281,42.62677001953125,255.89999389648438
2023-06-16,183.08688354492188,123.32691955566406,337.0884094238281,42.665740966796875,260.5400085449219
2023-06-20,183.17599487304688,123.1181640625,332.8739318847656,43.78105545043945,274.45001220703125
2023-06-21,182.1363983154297,120.5434799194336,328.4527282714844,43.01852798461914,259.4599914550781
2023-06-22,185.14625549316406,123.13805389404297,334.5085144042969,42.99853515625,264.6099853515625
2023-06-23,184.82943725585938,122.29307556152344,329.89031982421875,42.183040618896484,256.6000061035156
2023-06-26,183.4333953857422,118.38628387451172,323.56866455078125,40.60700988769531,241.0500030517578
2023-06-27,186.1957550048828,118.30677032470703,329.447265625,41.85024642944336,250.2100067138672
2023-06-28,187.37396240234375,120.36453247070312,330.7076416015625,41.091712951660156,256.239990234375
2023-06-29,187.71058654785156,119.30085754394531,329.919921875,40.79689025878906,257.5
2023-06-30,192.04718017578125,120.25518798828125,335.3258056640625,42.27598190307617,261.7699890136719
2023-07-03,190.55213928222656,119.84761047363281,332.8148498535156,42.38691329956055,279.82000732421875
2023-07-05,189.43331909179688,121.9053726196289,332.972412109375,42.29097366333008,282.4800109863281
2023-07-06,189.9085693359375,120.21542358398438,336.0446472167969,42.077110290527344,276.5400085449219
2023-07-07,188.78976440429688,119.43008422851562,332.05670166015625,42.47686004638672,274.42999267578125
2023-07-10,186.74029541015625,116.1794204711914,326.74920654296875,42.154056549072266,269.6099853515625
2023-07-11,186.215576171875,117.01445007324219,327.3793640136719,42.3789176940918,269.7900085449219
2023-07-12,187.88877868652344,118.91316223144531,332.0369873046875,43.874996185302734,271.989990234375
2023-07-13,188.65115356445312,124.09236907958984,337.413330078125,45.9487190246582,277.8999938964844
2023-07-14,188.79966735839844,124.95722961425781,339.9538269042969,45.4410285949707,281.3800048828125
2023-07-17,192.06695556640625,124.32101440429688,340.4363708496094,46.43241882324219,290.3800048828125
2023-07-18,191.80953979492188,123.3468017578125,353.98565673828125,47.46479415893555,293.3399963378906
2023-07-19,193.16598510742188,122.05447387695312,349.6432189941406,47.04804229736328,291.260009765625
2023-07-20,191.2154998779297,118.82369232177734,341.55889892578125,45.49200439453125,262.8999938964844
2023-07-21,190.03729248046875,119.59908294677734,338.50634765625,44.28174591064453,260.0199890136719
2023-07-24,190.83926391601562,121.15980529785156,339.82586669921875,44.58456802368164,269.05999755859375
2023-07-25,191.7006378173828,122.06443786621094,345.60601806640625,45.650909423828125,265.2799987792969
2023-07-26,192.5718994140625,128.89382934570312,332.5982666015625,45.424049377441406,264.3500061035156
2023-07-27,191.30459594726562,129.1025848388672,325.65618896484375,45.87177276611328,255.7100067138672
2023-07-28,193.88873291015625,132.22402954101562,333.1890563964844,46.721248626708984,266.44000244140625
2023-07-31,194.5026092529297,132.3234405517578,330.776611328125,46.700260162353516,267.42999267578125
2023-08-01,193.67092895507812,131.11065673828125,331.19012451171875,46.4783935546875,261.07000732421875
2023-08-02,190.67095947265625,127.87987518310547,322.4854736328125,44.24177169799805,254.11000061035156
2023-08-03,189.27493286132812,128.00909423828125,321.6583557128906,44.48762130737305,259.32000732421875
2023-08-04,180.1859588623047,127.78042602539062,322.7611999511719,44.65251541137695,253.86000061035156
2023-08-07,177.07705688476562,131.16036987304688,325.0554504394531,45.38906478881836,251.4499969482422
2023-08-08,178.01763916015625,131.0609588623047,321.0576477050781,44.636539459228516,249.6999969482422
2023-08-09,176.42361450195312,129.3809356689453,317.2961730957031,42.527828216552734,242.19000244140625
2023-08-10,176.20578002929688,129.4405975341797,317.9854431152344,42.361934661865234,245.33999633789062
2023-08-11,176.2652587890625,129.4008331298828,316.0948181152344,40.829872131347656,242.64999389648438
2023-08-14,177.9209442138672,131.05101013183594,319.0784912109375,43.72608947753906,239.75999450683594
2023-08-15,175.9281768798828,129.50022888183594,316.9317932128906,43.91297149658203,232.9600067138672
2023-08-16,175.05575561523438,128.3470916748047,316.16217041015625,43.459259033203125,225.60000610351562
2023-08-17,172.5077667236328,129.68911743164062,312.688720703125,43.31733703613281,219.22000122070312
2023-08-18,172.9935760498047,127.35299682617188,312.29400634765625,43.272369384765625,215.49000549316406
2023-08-21,174.3319854736328,128.16815185546875,317.6225891113281,46.938114166259766,231.27999877929688
2023-08-22,175.71006774902344,128.9236602783203,318.1949157714844,45.639915466308594,233.19000244140625
2023-08-23,179.56671142578125,132.4228515625,322.6748962402344,47.0870246887207,236.86000061035156
2023-08-24,174.86737060546875,129.64935302734375,315.73785400390625,47.133995056152344,230.0399932861328
2023-08-25,177.07823181152344,129.91773986816406,318.70806884765625,45.98969650268555,238.58999633789062
2023-08-28,178.6446990966797,131.01123046875,319.41851806640625,46.80619430541992,238.82000732421875
2023-08-29,182.5409698486328,134.68939208984375,324.06622314453125,48.75399398803711,257.17999267578125
2023-08-30,186.04071044921875,136.12086486816406,324.44122314453125,49.23370361328125,256.8999938964844
2023-08-31,186.25881958007812,136.53839111328125,323.4248352050781,49.32464599609375,258.0799865722656
2023-09-01,187.83518981933594,135.9916534423828,324.31292724609375,48.479164123535156,245.00999450683594
2023-09-05,188.07310485839844,135.9021759033203,329.13818359375,48.51813888549805,256.489990234375
2023-09-06,181.34136962890625,134.57008361816406,328.47711181640625,47.03593063354492,251.9199981689453
2023-09-07,176.03724670410156,135.3951873779297,325.54638671875,46.21636962890625,251.49000549316406
2023-09-08,176.6519012451172,136.38926696777344,329.8487243652344,45.547725677490234,248.5
2023-09-11,177.82179260253906,136.9261016845703,333.4701843261719,45.153934478759766,273.5799865722656
2023-09-12,174.78805541992188,135.26597595214844,327.3817443847656,44.846099853515625,267.4800109863281
2023-09-13,172.71597290039062,136.68753051757812,331.61505126953125,45.46077346801758,271.29998779296875
2023-09-14,174.2328643798828,138.168701171875,334.2201232910156,45.55672073364258,276.0400085449219
2023-09-15,173.5091094970703,137.48280334472656,325.8522644042969,43.87661361694336,274.3900146484375
2023-09-18,176.4437255859375,138.13890075683594,324.70758056640625,43.94258117675781,265.2799987792969
2023-09-19,177.53428649902344,138.0096435546875,324.30303955078125,43.4968147277832,266.5
2023-09-20,173.9849853515625,133.79469299316406,316.5272521972656,42.21649932861328,262.5899963378906
2023-09-21,172.43833923339844,130.5837860107422,315.3036804199219,40.99514389038086,255.6999969482422
2023-09-22,173.29098510742188,130.4744415283203,312.8170166015625,41.58783721923828,244.8800048828125
2023-09-25,174.56996154785156,131.38900756835938,313.3399963378906,42.19950866699219,246.99000549316406
2023-09-26,170.48526000976562,128.68507385253906,308.0114440917969,41.888671875,244.1199951171875
2023-09-27,168.96839904785156,130.68321228027344,308.65283203125,42.44537353515625,240.5
2023-09-28,169.22616577148438,132.3433380126953,309.4915771484375,43.066043853759766,246.3800048828125
2023-09-29,169.74171447753906,131.07089233398438,311.5736389160156,43.475833892822266,250.22000122070312
2023-10-02,172.25990295410156,134.37127685546875,317.5436706542969,44.758148193359375,251.60000610351562
2023-10-03,170.9214630126953,132.51231384277344,309.2449035644531,43.493812561035156,246.52999877929688
2023-10-04,172.17068481445312,135.4647674560547,314.74114990234375,44.01754379272461,261.1600036621094
2023-10-05,173.4099884033203,135.1864471435547,315.1358947753906,44.6641960144043,260.04998779296875
2023-10-06,175.96786499023438,137.91024780273438,322.93145751953125,45.73762512207031,260.5299987792969
2023-10-09,177.45498657226562,138.6757049560547,325.4576110839844,45.24888610839844,259.6700134277344
2023-10-10,176.86012268066406,138.37745666503906,324.0464782714844,45.77360153198242,263.6199951171875
2023-10-11,178.25802612304688,140.86268615722656,328.023193359375,46.78106689453125,262.989990234375
2023-10-12,179.1602325439453,139.4610137939453,326.7798767089844,46.91999053955078,258.8699951171875
2023-10-13,177.31617736816406,137.76112365722656,323.395263671875,45.4367790222168,251.1199951171875
2023-10-16,177.18728637695312,139.6598358154297,328.2402648925781,46.0704460144043,253.9199981689453
2023-10-17,175.63075256347656,140.15689086914062,327.6679382324219,43.91459274291992,254.85000610351562
2023-10-18,174.3319854736328,138.4569854736328,325.7437438964844,42.17352294921875,242.67999267578125
2023-10-19,173.95526123046875,138.15875244140625,326.9377136230469,42.07857894897461,220.11000061035156
2023-10-20,171.39736938476562,135.93199157714844,322.3492126464844,41.36495590209961,211.99000549316406
2023-10-23,171.51634216308594,137.0851287841797,324.96417236328125,42.95210647583008,212.0800018310547
2023-10-24,171.9525604248047,139.2920379638672,326.158203125,43.639739990234375,216.52000427246094
2023-10-25,169.63265991210938,125.92150115966797,336.1640930175781,41.756744384765625,212.4199981689453
2023-10-26,165.45872497558594,122.71058654785156,323.5531005859375,40.30451965332031,205.75999450683594
2023-10-27,166.77732849121094,122.67082214355469,325.4476623535156,40.47842788696289,207.3000030517578
2023-10-30,168.82957458496094,125.0069351196289,332.8485107421875,41.13907241821289,197.36000061035156
2023-10-31,169.3054656982422,124.55960083007812,333.6379089355469,40.758277893066406,200.83999633789062
2023-11-01,172.47804260253906,126.8161849975586,341.49267578125,42.302459716796875,205.66000366210938
2023-11-02,176.0471649169922,127.82020568847656,343.7128601074219,43.48282241821289,218.50999450683594
2023-11-03,175.13504028320312,129.59963989257812,348.1335754394531,44.98102569580078,219.9600067138672
2023-11-06,177.69293212890625,130.6732635498047,351.8143005371094,45.726627349853516,219.27000427246094
2023-11-07,180.26071166992188,131.61764526367188,355.7613830566406,45.93052291870117,222.17999267578125
2023-11-08,181.32151794433594,132.47256469726562,358.3960876464844,46.549190521240234,222.11000061035156
2023-11-09,180.8456573486328,130.91184997558594,355.9192810058594,46.92498779296875,209.97999572753906
2023-11-10,185.0448760986328,133.26783752441406,364.780517578125,48.30924987792969,214.64999389648438
2023-11-13,183.45652770996094,132.85032653808594,361.83001708984375,48.59409713745117,223.7100067138672
2023-11-14,186.0773468017578,134.62974548339844,365.3725280761719,49.629547119140625,237.41000366210938
2023-11-15,186.6431884765625,135.57412719726562,365.5209045410156,48.86195755004883,242.83999633789062
2023-11-16,188.3308563232422,137.8804168701172,371.94793701171875,49.453643798828125,233.58999633789062
2023-11-17,188.31097412109375,136.1308135986328,365.6988525390625,49.27174377441406,234.3000030517578
2023-11-20,190.0581817626953,137.1050262451172,373.20367431640625,50.38214874267578,235.60000610351562
2023-11-21,189.25408935546875,137.80088806152344,368.8826904296875,49.91739273071289,241.1999969482422
2023-11-22,189.91920471191406,139.19261169433594,373.6090393066406,48.69004440307617,234.2100067138672
2023-11-24,188.5889434814453,137.40325927734375,373.19378662109375,47.750553131103516,235.4499969482422
2023-11-27,188.41024780273438,137.2342529296875,374.3605041503906,48.21630096435547,236.0800018310547
2023-11-28,189.01580810546875,137.80088806152344,378.4046325683594,47.795528411865234,246.72000122070312
2023-11-29,187.9932861328125,135.593994140625,374.5978088378906,48.11436080932617,244.13999938964844
2023-11-30,188.56907653808594,133.128662109375,374.6571960449219,46.745086669921875,240.0800018310547
2023-12-01,189.8497314453125,132.5322265625,370.3065490722656,46.74008560180664,238.8300018310547
2023-12-04,188.05287170410156,129.8581085205078,364.996826171875,45.485755920410156,235.5800018310547
2023-12-05,192.0138397216797,131.6077117919922,368.3388671875,46.545291900634766,238.72000122070312
2023-12-06,190.92185974121094,130.6533660888672,364.6606140136719,45.482757568359375,239.3699951171875
2023-12-07,192.857666015625,137.6318817138672,366.7865295410156,46.57527542114258,242.63999938964844
2023-12-08,194.28721618652344,135.83261108398438,370.0296936035156,47.484867095947266,243.83999633789062
2023-12-11,191.7755889892578,133.90406799316406,367.1325378417969,46.606258392333984,239.74000549316406
2023-12-12,193.29449462890625,132.85032653808594,370.1780090332031,47.635799407958984,237.00999450683594
2023-12-13,196.52084350585938,133.17837524414062,370.1681213378906,48.06661605834961,239.2899932861328
2023-12-14,196.66976928710938,132.41290283203125,361.8228759765625,48.328495025634766,251.0500030517578
2023-12-15,196.1337127685547,133.04913330078125,366.5690002441406,48.868255615234375,253.5
2023-12-18,194.4658966064453,136.3793487548828,368.4674072265625,50.054725646972656,252.0800018310547
2023-12-19,195.50828552246094,137.28396606445312,369.07061767578125,49.581932067871094,257.2200012207031
2023-12-20,193.41360473632812,138.83474731445312,366.4601745605469,48.089595794677734,247.13999938964844
2023-12-21,193.26467895507812,140.9621124267578,369.347412109375,48.96820831298828,254.5
2023-12-22,192.19256591796875,141.87667846679688,370.375732421875,48.80828094482422,252.5399932861328
2023-12-26,191.6465606689453,141.97607421875,370.4548645019531,49.257076263427734,256.6099853515625
2023-12-27,191.74581909179688,140.60423278808594,369.8714904785156,49.395023345947266,261.44000244140625
2023-12-28,192.17269897460938,140.44517517089844,371.0679016113281,49.49997329711914,253.17999267578125
2023-12-29,191.1303253173828,140.09722900390625,371.8193664550781,49.49997329711914,248.47999572753906
2024-01-02,184.2904052734375,138.73532104492188,366.70733642578125,48.14657211303711,248.4199981689453
2024-01-03,182.9105224609375,139.53062438964844,366.4404296875,47.54783630371094,238.4499969482422
2024-01-04,180.58753967285156,137.22430419921875,363.8102722167969,47.97665023803711,237.92999267578125
2024-01-05,179.86282348632812,136.57815551757812,363.6224365234375,49.07516098022461,237.49000549316406
2024-01-08,184.21099853515625,139.6995849609375,370.4845275878906,52.22975540161133,240.4499969482422
2024-01-09,183.7940673828125,141.7176055908203,371.5721740722656,53.116363525390625,234.9600067138672
2024-01-10,184.83641052246094,142.95028686523438,378.4738464355469,54.32582473754883,233.94000244140625
2024-01-11,184.2407684326172,142.821044921875,380.31298828125,54.79761505126953,227.22000122070312
2024-01-12,184.56838989257812,143.3876953125,384.1098937988281,54.68566131591797,218.88999938964844
2024-01-16,182.29502868652344,143.2286376953125,385.8896484375,56.3569221496582,219.91000366210938
2024-01-17,181.3519287109375,142.045654296875,385.0986328125,56.02806854248047,215.5500030517578
2024-01-18,187.25868225097656,144.13323974609375,389.4492492675781,57.08160400390625,211.8800048828125
2024-01-19,190.16737365722656,147.09564208984375,394.1954040527344,59.46453857421875,212.19000244140625
2024-01-22,192.48045349121094,146.83718872070312,392.0596008300781,59.627464294433594,208.8000030517578
2024-01-23,193.7610626220703,147.8014373779297,394.4227600097656,59.846370697021484,209.13999938964844
2024-01-24,193.0860137939453,149.46157836914062,398.0417175292969,61.3347053527832,207.8300018310547
2024-01-25,192.75840759277344,152.73214721679688,400.3258056640625,61.58959197998047,182.6300048828125
2024-01-26,191.0211181640625,152.88125610351562,399.39630126953125,61.00385284423828,183.25
2024-01-29,190.33615112304688,153.92506408691406,405.12139892578125,62.43721008300781,190.92999267578125
2024-01-30,186.67295837402344,152.14564514160156,404.0039978027344,62.74607467651367,191.58999633789062
2024-01-31,183.05943298339844,140.9621124267578,393.1175842285156,61.499629974365234,187.2899932861328
2024-02-01,185.50155639648438,141.86672973632812,399.24798583984375,62.998966217041016,188.86000061035156
2024-02-02,184.4989013671875,142.6918182373047,406.60455322265625,66.13057708740234,187.91000366210938
2024-02-05,186.31556701660156,144.0736083984375,401.09698486328125,69.30116271972656,181.05999755859375
2024-02-06,187.92381286621094,144.55076599121094,400.9388427734375,68.19265747070312,185.10000610351562
2024-02-07,188.0330047607422,145.8132781982422,409.4027404785156,70.06781005859375,187.5800018310547
2024-02-08,186.950927734375,146.35006713867188,409.4620361328125,69.61001586914062,189.55999755859375
2024-02-09,187.71630859375,149.33233642578125,415.8297424316406,72.1009292602539,193.57000732421875
2024-02-12,186.02650451660156,147.85113525390625,410.5991516113281,72.21585845947266,188.1300048828125
2024-02-13,183.92918395996094,145.50509643554688,401.759521484375,72.0959243774414,184.02000427246094
2024-02-14,183.04452514648438,146.27053833007812,405.6426696777344,73.86713409423828,188.7100067138672
2024-02-15,182.75628662109375,143.08944702148438,402.7402038574219,72.62567138671875,200.4499969482422
2024-02-16,181.21556091308594,140.92233276367188,400.263671875,72.58069610595703,199.9499969482422
2024-02-20,180.47006225585938,141.35972595214844,399.0056457519531,69.42110443115234,193.75999450683594
2024-02-21,181.2255096435547,142.9900360107422,398.4013366699219,67.4419937133789,194.77000427246094
2024-02-22,183.26319885253906,144.46131896972656,407.7823791503906,78.50306701660156,197.41000366210938
2024-02-23,181.42433166503906,144.4314727783203,406.48468017578125,78.78194427490234,191.97000122070312
2024-02-26,180.07247924804688,137.9301300048828,403.71099853515625,79.05682373046875,199.39999389648438
2024-02-27,181.5336456298828,139.27215576171875,403.651611328125,78.6659927368164,199.72999572753906
2024-02-28,180.33091735839844,136.617919921875,403.8893127441406,77.62845611572266,202.0399932861328
2024-02-29,179.66493225097656,138.95404052734375,409.7536926269531,79.07681274414062,201.8800048828125
2024-03-01,178.58148193359375,137.2640838623047,411.59625244140625,82.24239349365234,202.63999938964844
2024-03-04,174.04884338378906,133.40701293945312,411.02166748046875,85.19908142089844,188.13999938964844
2024-03-05,169.09873962402344,132.98948669433594,398.866943359375,85.92979431152344,180.74000549316406
2024-03-06,168.10475158691406,131.7766876220703,398.31219482421875,88.66470336914062,176.5399932861328
2024-03-07,167.98545837402344,134.44088745117188,405.29595947265625,92.63212585449219,178.64999389648438
2024-03-08,169.70509338378906,135.4846649169922,402.4034118652344,87.49317169189453,175.33999633789062
2024-03-11,171.71295166015625,138.11898803710938,400.7193603515625,85.7398681640625,177.77000427246094
2024-03-12,172.1900634765625,138.7949981689453,411.3782958984375,91.87643432617188,177.5399932861328
2024-03-13,170.10267639160156,139.93817138671875,411.20001220703125,90.85183715820312,169.47999572753906
2024-03-14,171.96145629882812,143.48709106445312,421.22491455078125,87.90900421142578,162.5
2024-03-15,171.58372497558594,141.3299102783203,412.5075988769531,87.80204772949219,163.57000732421875
2024-03-18,172.67713928222656,147.60264587402344,413.39910888671875,88.4197998046875,173.8000030517578
2024-03-19,175.02296447753906,147.0459442138672,417.45068359375,89.36243438720703,171.32000732421875
2024-03-20,177.59742736816406,148.7955322265625,421.2347717285156,90.33604431152344,175.66000366210938
2024-03-21,170.34124755859375,147.861083984375,425.33587646484375,91.39861297607422,172.82000732421875
2024-03-22,171.24578857421875,150.87319946289062,424.7118225097656,94.2514877319336,170.8300018310547
2024-03-25,169.82437133789062,150.25685119628906,418.8870849609375,94.96418762207031,172.6300048828125
2024-03-26,168.69122314453125,150.80360412597656,417.68841552734375,92.52416229248047,177.6699981689453
2024-03-27,172.26959228515625,151.04217529296875,417.4704895019531,90.2140884399414,179.8300018310547
2024-03-28,170.45057678222656,151.36029052734375,416.7671813964844,90.3200454711914,175.7899932861328
2024-04-01,169.00927734375,155.57525634765625,420.58099365234375,90.32704162597656,175.22000122070312
2024-04-02,167.82643127441406,154.94894409179688,417.4804382324219,89.4164047241211,166.6300048828125
2024-04-03,168.63156127929688,155.4459991455078,416.49969482421875,88.92859649658203,168.3800048828125
2024-04-04,167.80654907226562,151.04217529296875,413.953857421875,85.87081146240234,171.11000061035156
2024-04-05,168.56198120117188,153.03038024902344,421.52203369140625,87.97297668457031,164.89999389648438
2024-04-08,167.4387664794922,155.2173614501953,420.600830078125,87.09832763671875,172.97999572753906
2024-04-09,168.65145874023438,157.20553588867188,422.2749328613281,85.32002258300781,176.8800048828125
2024-04-10,166.77279663085938,156.72840881347656,419.2833557128906,87.00436401367188,171.75999450683594
2024-04-11,173.9892120361328,159.8398895263672,423.909423828125,90.57994079589844,174.60000610351562
2024-04-12,175.4901580810547,158.2493438720703,417.9360656738281,88.1509017944336,171.0500030517578
2024-04-15,171.6533203125,155.40623474121094,409.7536926269531,85.96678161621094,161.47999572753906
2024-04-16,168.36318969726562,155.0782012939453,410.6848449707031,87.38021087646484,157.11000061035156
2024-04-17,166.99147033691406,155.95301818847656,407.9706115722656,84.00155639648438,155.4499969482422
2024-04-18,166.0372314453125,156.52957153320312,400.4717102050781,84.63731384277344,149.92999267578125
2024-04-19,164.0094757080078,154.79986572265625,395.3701171875,76.16968536376953,147.0500030517578
2024-04-22,164.84442138671875,157.01666259765625,397.1928405761719,79.48635864257812,142.0500030517578
2024-04-23,165.89805603027344,158.97503662109375,403.7407531738281,82.39020538330078,144.67999267578125
2024-04-24,168.00535583496094,160.14805603027344,405.2167053222656,79.64530181884766,162.1300048828125
2024-04-25,168.87013244628906,157.01666259765625,395.2908935546875,82.59912872314453,170.17999267578125
2024-04-26,168.28366088867188,172.66368103027344,402.5024719238281,87.7000961303711,168.2899932861328
2024-04-29,172.4584503173828,166.90786743164062,398.4706726074219,87.72207641601562,194.0500030517578
2024-04-30,169.3074951171875,163.66712951660156,385.6720886230469,86.36762237548828,183.27999877929688
2024-05-01,168.28366088867188,164.59164428710938,391.2293701171875,83.00794982910156,179.99000549316406
2024-05-02,171.99127197265625,167.46456909179688,394.1021423339844,85.78285217285156,180.00999450683594
2024-05-03,182.27914428710938,167.99143981933594,402.8392639160156,88.75366973876953,181.19000244140625
2024-05-06,180.61917114257812,168.8264617919922,409.6546325683594,92.10333251953125,184.75999450683594
2024-05-07,181.30503845214844,171.9578399658203,405.49407958984375,90.5179672241211,177.80999755859375
2024-05-08,181.6429901123047,170.1486053466797,406.68280029296875,90.37602233886719,174.72000122070312
2024-05-09,183.46202087402344,170.5661163330078,408.44610595703125,88.71168518066406,171.97000122070312
2024-05-10,182.1979217529297,169.2837371826172,410.8433532714844,89.84223937988281,168.47000122070312
2024-05-13,185.4128875732422,169.89015197753906,409.8328857421875,90.363037109375,171.88999938964844
2024-05-14,186.55751037597656,170.91403198242188,412.6462707519531,91.31965637207031,177.5500030517578
2024-05-15,188.8368682861328,172.85255432128906,419.8609313964844,94.59234619140625,173.99000549316406
2024-05-16,188.956298828125,174.3933868408203,417.7868347167969,94.32144927978516,174.83999633789062
2024-05-17,188.98617553710938,176.2423858642578,417.0127868652344,92.44219207763672,177.4600067138672
2024-05-20,190.15072631835938,177.40548706054688,422.103759765625,94.74227905273438,174.9499969482422
2024-05-21,191.4546356201172,178.47909545898438,425.7756042480469,95.3480453491211,186.60000610351562
2024-05-22,190.01136779785156,176.9481964111328,427.24432373046875,94.91222381591797,180.11000061035156
2024-05-23,186.01010131835938,174.02554321289062,423.7511291503906,103.75769805908203,173.74000549316406
2024-05-24,189.0956573486328,175.28807067871094,426.8870849609375,106.4266357421875,179.24000549316406
2024-05-28,189.10562133789062,176.9680633544922,427.0458679199219,113.85567474365234,176.75
2024-05-29,189.4042205810547,176.3517303466797,425.90460205078125,114.77930450439453,176.19000244140625
2024-05-30,190.39956665039062,172.534423828125,411.51495361328125,110.45602416992188,178.7899932861328
2024-05-31,191.3551025390625,172.93206787109375,411.9714660644531,109.5893783569336,178.0800018310547
2024-06-03,193.12681579589844,173.3893585205078,410.3736572265625,114.95423889160156,176.2899932861328
2024-06-04,193.44532775878906,174.09515380859375,412.9042663574219,116.39067077636719,174.77000427246094
2024-06-05,194.95823669433594,176.02369689941406,420.7839050292969,122.39128112792969,175.0
2024-06-06,193.57470703125,177.296142578125,421.28997802734375,120.94985961914062,177.94000244140625
2024-06-07,195.97348022460938,174.91030883789062,420.6250915527344,120.83990478515625,177.47999572753906
2024-06-10,192.22103881835938,175.78610229492188,424.6144714355469,121.74153900146484,173.7899932861328
2024-06-11,206.18572998046875,177.33863830566406,429.3879089355469,120.87181854248047,170.66000366210938
2024-06-12,212.07818603515625,178.7021026611328,437.70416259765625,125.16046142578125,177.2899932861328
2024-06-13,213.24273681640625,175.8955841064453,438.2201843261719,129.56906127929688,182.47000122070312
2024-06-14,211.50088500976562,177.5177764892578,439.2026672363281,131.83836364746094,178.00999450683594
2024-06-17,215.6614227294922,177.9258270263672,444.9585266113281,130.9386444091797,187.44000244140625
2024-06-18,213.29248046875,175.60696411132812,442.9440002441406,135.5371856689453,184.86000061035156
2024-06-20,208.70394897460938,176.86094665527344,442.308837890625,130.73870849609375,181.57000732421875
2024-06-21,206.524169921875,179.3987274169922,446.3578186035156,126.53002166748047,183.00999450683594
2024-06-24,207.17112731933594,179.92620849609375,444.2638854980469,118.07270050048828,182.5800018310547
2024-06-25,208.0968017578125,184.69334411621094,447.5188903808594,126.0501708984375,187.35000610351562
2024-06-26,212.25733947753906,184.48431396484375,448.71966552734375,126.36009216308594,196.3699951171875
2024-06-27,213.1033935546875,185.96722412109375,449.4044189453125,123.95084381103516,197.4199981689453
2024-06-28,209.6395721435547,182.54364013671875,443.5493469238281,123.50099182128906,197.8800048828125
2024-07-01,215.7410430908203,183.60855102539062,453.2549133300781,124.26074981689453,209.86000061035156
2024-07-02,219.2446746826172,185.71841430664062,455.7855224609375,122.63125610351562,231.25999450683594
2024-07-03,220.51870727539062,186.49468994140625,457.26416015625,128.23948669433594,246.38999938964844
2024-07-05,225.28639221191406,191.04286193847656,464.0024719238281,125.7902603149414,251.52000427246094
2024-07-08,226.75953674316406,189.56991577148438,462.6925354003906,128.1595001220703,252.94000244140625
2024-07-09,227.61550903320312,189.5301055908203,456.04351806640625,131.33851623535156,262.3299865722656
2024-07-10,231.89549255371094,191.73951721191406,462.7024841308594,134.86740112304688,263.260009765625
2024-07-11,226.5106964111328,186.40512084960938,451.2403869628906,127.35977172851562,241.02999877929688
2024-07-12,229.4668426513672,185.88760375976562,450.0990905761719,129.19920349121094,248.22999572753906
2024-07-15,233.3088836669922,187.2908477783203,450.5059814453125,128.39944458007812,252.63999938964844
2024-07-16,233.72694396972656,184.6137237548828,446.09979248046875,126.3200912475586,256.55999755859375
2024-07-17,227.81460571289062,181.74746704101562,440.1454162597656,117.9527359008789,248.5
2024-07-18,223.13644409179688,178.36373901367188,437.0193786621094,121.0517578125,249.22999572753906
2024-07-19,223.26585388183594,178.53289794921875,433.7842102050781,117.89276123046875,239.1999969482422
2024-07-22,222.91748046875,182.4739990234375,439.5698547363281,123.50099182128906,251.50999450683594
2024-07-23,223.9626007080078,182.72280883789062,441.4653015136719,122.55127716064453,246.3800048828125
2024-07-24,217.522705078125,173.53689575195312,425.63665771484375,114.21391296386719,215.99000549316406
2024-07-25,216.47760009765625,168.35179138183594,415.216552734375,112.24453735351562,220.25
2024-07-26,216.9454345703125,167.8740692138672,422.0342712402344,113.02428436279297,219.8000030517578
2024-07-29,217.22410583496094,170.31239318847656,423.4831848144531,111.55474853515625,232.10000610351562
2024-07-30,217.78150939941406,171.03887939453125,419.7021789550781,103.6972427368164,222.6199951171875
2024-07-31,221.04623413085938,172.3227081298828,415.16693115234375,116.98303985595703,232.07000732421875
2024-08-01,217.34356689453125,171.6260528564453,413.93634033203125,109.1755142211914,216.86000061035156
2024-08-02,218.83657836914062,167.5954132080078,405.3819580078125,107.23611450195312,207.6699981689453
2024-08-05,208.29586791992188,159.87249755859375,392.1434326171875,100.41827392578125,198.8800048828125
2024-08-06,206.26536560058594,159.77296447753906,396.56951904296875,104.21707153320312,200.63999938964844
2024-08-07,208.84332275390625,159.98196411132812,395.39849853515625,98.87876892089844,191.75999450683594
2024-08-08,212.3170623779297,163.05718994140625,399.6260986328125,104.93685150146484,198.83999633789062
2024-08-09,215.23342895507812,164.5998077392578,402.9307556152344,104.7169189453125,200.0
2024-08-12,216.7680206298828,163.16668701171875,403.7146911621094,108.9855728149414,197.49000549316406
2024-08-13,220.4949493408203,165.13720703125,410.8599548339844,116.10331726074219,207.8300018310547
2024-08-14,220.94334411621094,161.255859375,413.6882629394531,118.04270935058594,201.3800048828125
2024-08-15,223.932861328125,162.39041137695312,418.5796203613281,122.82120513916016,214.13999938964844
2024-08-16,225.25819396972656,163.9529266357422,416.0345458984375,124.5406494140625,216.1199951171875
2024-08-19,225.0987548828125,167.5954132080078,419.07672119140625,129.9589385986328,222.72000122070312
2024-08-20,225.71656799316406,168.1527557373047,422.3276672363281,127.20980834960938,221.10000610351562
2024-08-21,225.60696411132812,166.8291015625,421.67156982421875,128.4594268798828,223.27000427246094
2024-08-22,223.74349975585938,164.69932556152344,413.13153076171875,123.700927734375,210.66000366210938
2024-08-23,226.04542541503906,166.6300506591797,414.36431884765625,129.32913208007812,220.32000732421875
2024-08-26,226.3842315673828,167.12767028808594,411.08349609375,126.42005920410156,213.2100067138672
2024-08-27,227.23126220703125,165.58506774902344,411.43145751953125,128.25949096679688,209.2100067138672
2024-08-28,225.6966552734375,163.71405029296875,408.2103576660156,125.5703353881836,205.75
2024-08-29,228.98509216308594,162.6193084716797,410.71563720703125,117.55286407470703,206.27999877929688
2024-08-30,228.19784545898438,164.32115173339844,414.7122802734375,119.33230590820312,214.11000061035156
2024-09-03,221.98968505859375,157.85218811035156,407.0570983886719,107.96588897705078,210.60000610351562
2024-09-04,220.076416015625,157.0560302734375,406.5202331542969,106.17645263671875,219.41000366210938
2024-09-05,221.60105895996094,157.84225463867188,406.01318359375,107.17613983154297,230.1699981689453
2024-09-06,220.0465087890625,151.4031524658203,399.36212158203125,102.79753112792969,210.72999572753906
2024-09-09,220.13619995117188,149.02142333984375,403.3587646484375,106.4363784790039,216.27000427246094
2024-09-10,219.3389892578125,149.4897918701172,411.7894287109375,108.06585693359375,226.1699981689453
2024-09-11,221.8800811767578,151.62237548828125,420.57794189453125,116.87307739257812,228.1300048828125
2024-09-12,221.98968505859375,155.00062561035156,424.514892578125,119.11256408691406,229.80999755859375
2024-09-13,221.72061157226562,157.82081604003906,428.083984375,119.07257080078125,230.2899932861328
2024-09-16,215.56227111816406,158.4386749267578,428.8296203613281,116.75310516357422,226.77999877929688
2024-09-17,216.03062438964844,159.7241973876953,432.6174621582031,115.5633773803711,227.8699951171875
2024-09-18,219.91696166992188,160.25234985351562,428.3027038574219,113.34388732910156,227.1999969482422
2024-09-19,228.0683135986328,162.67393493652344,436.1368408203125,117.84285736083984,243.9199981689453
2024-09-20,227.40065002441406,164.06907653808594,432.73675537109375,115.9732894897461,238.25
2024-09-23,225.67672729492188,162.50453186035156,430.9870300292969,116.23323059082031,250.0
2024-09-24,226.57354736328125,163.07254028320312,426.6722717285156,120.84217071533203,254.27000427246094
2024-09-25,225.57705688476562,162.42478942871094,429.5951232910156,123.48155975341797,257.0199890136719
2024-09-26,226.72303771972656,163.2618865966797,428.7998046875,124.01143646240234,254.22000122070312
2024-09-27,226.99208068847656,164.71682739257812,425.5289611816406,121.3720474243164,260.4599914550781
2024-09-30,232.183837890625,166.6102294921875,427.7956848144531,121.41203308105469,261.6300048828125
2024-10-01,225.4176483154297,167.83596801757812,418.24163818359375,116.97306060791016,258.0199890136719
2024-10-02,225.9856414794922,166.7298126220703,414.7023620605469,118.82262420654297,249.02000427246094
2024-10-03,224.8795166015625,166.6301727294922,414.11578369140625,122.82170867919922,240.66000366210938
2024-10-04,226.00555419921875,167.97547912597656,413.6385498046875,124.89122772216797,250.0800018310547
2024-10-07,220.91346740722656,163.81993103027344,407.156494140625,127.69058990478516,240.8300018310547
2024-10-08,224.9791717529297,165.12538146972656,412.2964172363281,132.85939025878906,244.5
2024-10-09,228.7359619140625,162.4945526123047,415.0304260253906,132.61944580078125,241.0500030517578
2024-10-10,228.23770141601562,162.61412048339844,413.4198303222656,134.77896118164062,238.77000427246094
2024-10-11,226.75294494628906,163.94949340820312,413.89703369140625,134.7689666748047,217.8000030517578
2024-10-14,230.48980712890625,165.7731475830078,416.7006530761719,138.03822326660156,219.16000366210938
2024-10-15,233.03086853027344,166.32122802734375,416.3029479980469,131.5697021484375,219.57000732421875
2024-10-16,230.96812438964844,166.16180419921875,413.69818115234375,135.68873596191406,221.3300018310547
2024-10-17,231.33682250976562,163.9395294189453,414.2947082519531,136.89846801757812,220.88999938964844
2024-10-18,234.1768341064453,164.47764587402344,415.7263488769531,137.9682159423828,220.6999969482422
2024-10-21,235.65164184570312,165.22506713867188,416.3427429199219,143.67691040039062,218.85000610351562
2024-10-22,235.03382873535156,166.24151611328125,425.02191162109375,143.55694580078125,217.97000122070312
2024-10-23,229.95167541503906,163.9096221923828,422.1288757324219,139.52786254882812,213.64999389648438
2024-10-24,229.7623748779297,163.95945739746094,422.25811767578125,140.37767028808594,260.4800109863281
2024-10-25,230.59942626953125,166.41091918945312,425.658203125,141.5074005126953,269.19000244140625
2024-10-28,232.5824432373047,167.75624084472656,424.1072998046875,140.48765563964844,262.510009765625
2024-10-29,232.85150146484375,170.54652404785156,429.43609619140625,141.21746826171875,259.5199890136719
2024-10-30,229.29400634765625,175.52920532226562,430.0127258300781,139.3079071044922,257.54998779296875
2024-10-31,225.11868286132812,172.09117126464844,403.9850769042969,132.72943115234375,249.85000610351562
2024-11-01,222.1291961669922,172.05130004882812,407.981689453125,135.3688201904297,248.97999572753906
2024-11-04,221.23233032226562,170.08810424804688,406.0827941894531,136.0186767578125,242.83999633789062
2024-11-05,222.66729736328125,170.8155975341797,409.0653381347656,139.87777709960938,251.44000244140625
2024-11-06,221.93984985351562,177.71160888671875,417.7345886230469,145.5764617919922,288.5299987792969
2024-11-07,226.6831817626953,181.6479034423828,422.9540100097656,148.84571838378906,296.9100036621094
2024-11-08,226.41383361816406,179.23631286621094,420.08087158203125,147.5959930419922,321.2200012207031
2024-11-11,223.69039916992188,181.33897399902344,415.5772399902344,145.22654724121094,350.0
2024-11-12,223.69039916992188,182.68431091308594,420.5679931640625,148.25582885742188,328.489990234375
2024-11-13,224.5782470703125,179.86412048339844,422.7253723144531,146.23631286621094,330.239990234375
2024-11-14,227.67079162597656,176.73501586914062,424.4055480957031,146.72618103027344,311.17999267578125
2024-11-15,224.4585418701172,173.2869873046875,412.5847473144531,141.94729614257812,320.7200012207031
2024-11-18,227.4712677001953,176.18692016601562,413.34033203125,140.11770629882812,338.739990234375
2024-11-19,227.73065185546875,178.95726013183594,415.3584899902344,146.97613525390625,346.0
2024-11-20,228.44891357421875,176.71505737304688,413.0718688964844,145.8563995361328,342.0299987792969
2024-11-21,227.97007751464844,168.6531219482422,411.2887268066406,146.63623046875,339.6400146484375
2024-11-22,229.3168182373047,165.99240112304688,415.40289306640625,141.91729736328125,352.55999755859375
2024-11-25,232.30960083007812,168.84246826171875,417.1860656738281,135.98867797851562,338.5899963378906
2024-11-26,234.49432373046875,170.02833557128906,426.350830078125,136.8884735107422,338.2300109863281
2024-11-27,234.36463928222656,170.22764587402344,421.3699645996094,135.30882263183594,332.8900146484375
2024-11-29,236.7588653564453,169.89878845214844,421.83819580078125,138.21817016601562,345.1600036621094
2024-12-02,239.013427734375,172.38015747070312,429.3293762207031,138.5980682373047,357.0899963378906
2024-12-03,242.06607055664062,172.42002868652344,429.5485534667969,140.2277069091797,351.4200134277344
2024-12-04,242.42520141601562,175.4793701171875,435.7447204589844,145.1065673828125,357.92999267578125
2024-12-05,242.4551239013672,173.70553588867188,440.9248046875,145.03659057617188,369.489990234375
2024-12-06,242.25559997558594,175.87799072265625,441.87115478515625,142.41702270507812,389.2200012207031
2024-12-09,246.1562042236328,176.68609619140625,444.311767578125,138.78758239746094,389.7900085449219
2024-12-10,247.1737518310547,186.09405517578125,441.6320495605469,135.04820251464844,400.989990234375
2024-12-11,245.89683532714844,196.25027465820312,447.2704162597656,139.28750610351562,424.7699890136719
2024-12-12,247.36329650878906,193.17745971679688,447.83819580078125,137.3178253173828,418.1000061035156
2024-12-13,247.5328826904297,190.93270874023438,445.5569763183594,134.22833251953125,436.2300109863281
2024-12-16,250.43588256835938,197.69688415527344,449.86041259765625,131.9786834716797,463.0199890136719
2024-12-17,252.8699951171875,196.65928649902344,452.7194519042969,130.36895751953125,479.8599853515625
2024-12-18,247.4530792236328,189.70558166503906,435.71484375,128.88919067382812,440.1300048828125
2024-12-19,249.1888885498047,189.2566375732422,435.356201171875,130.6588897705078,436.1700134277344
2024-12-20,253.87759399414062,192.50901794433594,434.9278869628906,134.67825317382812,421.05999755859375
2024-12-23,254.6557159423828,195.5319366455078,433.5830383300781,139.64744567871094,430.6000061035156
2024-12-24,257.57867431640625,197.10826110839844,437.64739990234375,140.19737243652344,462.2799987792969
2024-12-26,258.39666748046875,196.6393585205078,436.43206787109375,139.90740966796875,454.1300048828125
2024-12-27,254.9749298095703,193.58648681640625,428.881103515625,136.9878692626953,431.6600036621094
2024-12-30,251.59307861328125,192.23965454101562,423.2029113769531,137.46780395507812,417.4100036621094
2024-12-31,249.81736755371094,189.99490356445312,419.88568115234375,134.26832580566406,403.8399963378906
2025-01-02,243.26319885253906,190.18446350097656,416.97686767578125,138.2876739501953,379.2799987792969
2025-01-03,242.7743682861328,192.6786346435547,421.7286071777344,144.44668579101562,410.44000244140625
2025-01-06,244.41041564941406,197.49734497070312,426.21136474609375,149.40586853027344,411.04998779296875
2025-01-07,241.62713623046875,196.25027465820312,420.7523498535156,140.11737060546875,394.3599853515625
2025-01-08,242.11595153808594,194.93333435058594,422.9339599609375,140.08738708496094,394.94000244140625
2025-01-10,236.28004455566406,192.71853637695312,417.345458984375,135.88807678222656,394.739990234375
2025-01-13,233.83592224121094,191.840576171875,415.5921936035156,133.20849609375,403.30999755859375
2025-01-14,232.71861267089844,190.60348510742188,414.0780334472656,131.7387237548828,396.3599853515625
2025-01-15,237.2975616455078,196.51962280273438,424.67724609375,136.218017578125,428.2200012207031
2025-01-16,227.710693359375,193.95562744140625,422.953857421875,133.54844665527344,413.82000732421875
2025-01-17,229.4265594482422,197.0883026123047,427.3868408203125,137.68777465820312,426.5
2025-01-21,222.10421752929688,199.16343688964844,426.85888671875,140.80726623535156,424.07000732421875
2025-01-22,223.29136657714844,199.5625,444.4910888671875,147.04627990722656,415.1099853515625
2025-01-23,223.1217803955078,199.11355590820312,444.9991149902344,147.1962432861328,412.3800048828125
2025-01-24,222.24388122558594,201.42813110351562,442.3592834472656,142.5969696044922,406.5799865722656
2025-01-27,229.30685424804688,193.317138671875,432.8956604003906,118.40088653564453,397.1499938964844
2025-01-28,237.68663024902344,196.6094207763672,445.4872741699219,128.9691925048828,398.0899963378906
2025-01-29,238.7839813232422,196.7191619873047,440.6358947753906,123.6800308227539,389.1000061035156
2025-01-30,237.0182342529297,202.1564178466797,413.4006042480469,124.62987518310547,400.2799987792969
2025-01-31,235.4320831298828,205.11949157714844,413.4703369140625,120.05062103271484,404.6000061035156
2025-02-03,227.46128845214844,202.1663818359375,409.3462219238281,116.64117431640625,383.67999267578125
2025-02-04,232.23977661132812,207.22454833984375,410.7906494140625,118.63085174560547,392.2099914550781
2025-02-05,231.91058349609375,192.84823608398438,411.7071228027344,124.80985260009766,378.1700134277344
2025-02-06,232.6587677001953,192.8582000732422,414.2274475097656,128.65921020507812,374.32000732421875
2025-02-07,227.08221435546875,186.70262145996094,408.1806945800781,129.81903076171875,361.6199951171875
2025-02-10,227.3518524169922,187.7601318359375,410.6412048339844,133.54844665527344,350.7300109863281
2025-02-11,232.3153533935547,186.63279724121094,409.86419677734375,132.77857971191406,328.5
2025-02-12,236.55978393554688,184.99661254882812,407.473388671875,131.11883544921875,336.510009765625
2025-02-13,241.21368408203125,187.44088745117188,408.9676513671875,135.26815795898438,355.94000244140625
2025-02-14,244.2796630859375,186.43325805664062,406.86572265625,138.8275909423828,355.8399963378906
2025-02-18,244.14984130859375,185.36575317382812,408.07110595703125,139.37750244140625,354.1099853515625
2025-02-19,244.54930114746094,186.69264221191406,413.1814270019531,139.20751953125,360.55999755859375
2025-02-20,245.508056640625,186.20379638671875,415.3674621582031,140.08738708496094,354.3999938964844
2025-02-21,245.22842407226562,181.15562438964844,407.4619445800781,134.40829467773438,337.79998779296875
2025-02-24,246.77639770507812,180.7665252685547,403.2596740722656,130.25897216796875,330.5299987792969
2025-02-25,246.71646118164062,176.9554443359375,397.17083740234375,126.60955810546875,302.79998779296875
2025-02-26,240.0452117919922,174.29168701171875,398.99749755859375,131.25881958007812,290.79998779296875
2025-02-27,236.98922729492188,169.81219482421875,391.8106994628906,120.13060760498047,281.95001220703125
2025-02-28,241.5232696533203,171.81748962402344,396.26251220703125,124.89983367919922,292.9800109863281
2025-03-03,237.71826171875,168.2658233642578,387.778076171875,114.04158782958984,284.6499938964844
2025-03-04,235.6210174560547,172.2065887451172,387.8978576660156,115.97127532958984,272.0400085449219
2025-03-05,235.4312744140625,174.58103942871094,400.2851257324219,117.28106689453125,279.1000061035156
2025-03-06,235.0218048095703,173.8028564453125,396.1627197265625,110.55215454101562,263.45001220703125
2025-03-07,238.7569122314453,175.33924865722656,392.5892639160156,112.67181396484375,262.6700134277344
2025-03-10,227.1820831298828,167.60853576660156,379.46337890625,106.96273040771484,222.14999389648438
2025-03-11,220.55078125,165.78073120117188,379.7528381347656,108.74244689941406,230.5800018310547
2025-03-12,216.69583129882812,168.79710388183594,382.5676574707031,115.73196411132812,248.08999633789062
2025-03-13,209.4053955078125,164.5322265625,378.0758972167969,115.57197570800781,240.67999267578125
2025-03-14,213.21041870117188,167.41876220703125,387.84796142578125,121.66155242919922,249.97999572753906
2025-03-17,213.71974182128906,166.37002563476562,387.98773193359375,119.52169799804688,238.00999450683594
2025-03-18,212.4114532470703,162.47470092773438,382.81719970703125,115.42198181152344,225.30999755859375
2025-03-19,214.95811462402344,166.0803680419922,387.1093444824219,117.51183319091797,235.86000061035156
2025-03-20,213.81961059570312,164.8518524169922,386.131103515625,118.52176666259766,236.25999450683594
2025-03-21,217.98414611816406,166.0504150390625,390.54302978515625,117.69182586669922,248.7100067138672
2025-03-24,220.44091796875,169.72598266601562,392.35968017578125,121.40157318115234,278.3900146484375
2025-03-25,223.45697021484375,172.58255004882812,394.4358825683594,120.68162536621094,288.1400146484375
2025-03-26,221.2398681640625,166.9393310546875,389.2554016113281,113.75210571289062,272.05999755859375
2025-03-27,223.5568389892578,163.8830108642578,389.8642578125,111.4222640991211,273.1300048828125
2025-03-28,217.6146240234375,155.8726348876953,378.1058349609375,109.66238403320312,263.54998779296875
2025-03-31,221.83909606933594,156.0424346923828,374.7021179199219,108.37247467041016,259.1600036621094
2025-04-01,222.897705078125,158.6892547607422,381.4896545410156,110.14234924316406,268.4599914550781
2025-04-02,223.59678649902344,158.66928100585938,381.43975830078125,110.4123306274414,282.760009765625
2025-04-03,202.9239044189453,152.44676208496094,372.42626953125,101.79293060302734,267.2799987792969
2025-04-04,188.13330078125,147.56263732910156,359.18060302734375,94.30345153808594,239.42999267578125
2025-04-07,181.2223663330078,149.0608367919922,357.2042236328125,97.63321685791016,233.2899932861328
2025-04-08,172.19419860839844,146.40402221679688,353.9102783203125,96.29331970214844,221.86000061035156
2025-04-09,198.58958435058594,160.86663818359375,389.7744140625,114.32205963134766,272.20001220703125
2025-04-10,190.17062377929688,155.1834716796875,380.65118408203125,107.56253051757812,252.39999389648438
2025-04-11,197.89048767089844,159.2086181640625,387.7381896972656,110.92229461669922,252.30999755859375
2025-04-14,202.25477600097656,161.27615356445312,387.0993347167969,110.70230865478516,252.35000610351562
2025-04-15,201.87527465820312,158.48948669433594,385.0231628417969,112.19220733642578,254.11000061035156
2025-04-16,194.0155792236328,155.3133087158203,370.92901611328125,104.48274230957031,241.5500030517578
2025-04-17,196.72203063964844,153.17588806152344,367.1060485839844,101.48294830322266,241.3699951171875
2025-04-21,192.9070281982422,149.68008422851562,358.4619140625,96.90327453613281,227.5
2025-04-22,199.47842407226562,153.71522521972656,366.1478271484375,98.88313293457031,237.97000122070312
2025-04-23,204.33206176757812,157.53065490722656,373.7039489746094,102.70286560058594,250.74000549316406
2025-04-24,208.09710693359375,161.27615356445312,386.59027099609375,106.422607421875,259.510009765625
2025-04-25,209.00592041015625,163.65328979492188,391.1319580078125,111.0022964477539,284.95001220703125
2025-04-28,209.8647918701172,162.22500610351562,390.4432067871094,108.72245025634766,285.8800048828125
2025-04-29,210.9333953857422,161.8654327392578,393.31793212890625,109.0124282836914,292.0299987792969
2025-04-30,212.22171020507812,160.69683837890625,394.53570556640625,108.91243743896484,282.1600036621094
2025-05-01,213.04063415527344,162.5945587158203,424.6204528808594,111.60224914550781,280.5199890136719
2025-05-02,205.08106994628906,165.61093139648438,434.48236083984375,114.49205017089844,287.2099914550781
2025-05-05,198.62953186035156,165.85064697265625,435.3707275390625,113.81209564208984,280.260009765625
2025-05-06,198.25001525878906,165.0016632080078,432.5159606933594,113.53211975097656,275.3500061035156
2025-05-07,195.99298095703125,152.61656188964844,432.555908203125,117.05187225341797,276.2200012207031
2025-05-08,197.2313690185547,155.56301879882812,437.3670654296875,117.36185455322266,284.82000732421875
2025-05-09,198.27000427246094,154.1946563720703,437.9260559082031,116.64189910888672,298.260009765625
2025-05-12,210.7899932861328,159.38841247558594,448.4367370605469,122.99146270751953,318.3800048828125
2025-05-13,212.92999267578125,160.69683837890625,448.3169860839844,129.9209747314453,334.07000732421875
2025-05-14,212.3300018310547,166.60972595214844,452.1099853515625,135.33059692382812,347.67999267578125
2025-05-15,211.4499969482422,165.201416015625,453.1300048828125,134.8206329345703,342.82000732421875
2025-05-16,211.25999450683594,167.22898864746094,454.2699890136719,135.39059448242188,349.9800109863281
2025-05-19,208.77999877929688,167.66845703125,458.8699951171875,135.5605926513672,342.0899963378906
2025-05-20,206.86000061035156,165.1215362548828,458.1700134277344,134.37066650390625,343.82000732421875
2025-05-21,202.08999633789062,169.8558349609375,452.57000732421875,131.7908477783203,334.6199951171875
2025-05-22,201.36000061035156,171.77352905273438,454.8599853515625,132.82078552246094,341.0400085449219
2025-05-23,195.27000427246094,169.3863983154297,450.17999267578125,131.2808837890625,339.3399963378906
2025-05-27,200.2100067138672,173.7711181640625,460.69000244140625,135.49058532714844,362.8900146484375
2025-05-28,200.4199981689453,173.17185974121094,457.3599853515625,134.80064392089844,356.8999938964844
2025-05-29,199.9499969482422,172.7523651123047,458.67999267578125,139.1803436279297,358.42999267578125
2025-05-30,200.85000610351562,172.64248657226562,460.3599853515625,135.12062072753906,346.4599914550781
2025-06-02,201.6999969482422,170.1654510498047,461.9700012207031,137.37046813964844,342.69000244140625
2025-06-03,203.27000427246094,167.5086669921875,462.9700012207031,141.21018981933594,344.2699890136719
2025-06-04,202.82000732421875,169.18663024902344,463.8699951171875,141.91014099121094,332.04998779296875
2025-06-05,200.6300048828125,169.6061248779297,467.67999267578125,139.98028564453125,284.70001220703125
2025-06-06,203.9199981689453,174.70999145507812,470.3800048828125,141.7101593017578,295.1400146484375
2025-06-09,201.4499969482422,177.6300048828125,472.75,142.62010192871094,308.5799865722656
2025-06-10,202.6699981689453,180.00999450683594,470.9200134277344,143.95001220703125,326.0899963378906
2025-06-11,198.77999877929688,178.7899932861328,472.6199951171875,142.8300018310547,326.42999267578125
2025-06-12,199.1999969482422,176.97000122070312,478.8699951171875,145.0,319.1099853515625
2025-06-13,196.4499969482422,175.8800048828125,474.9599914550781,141.97000122070312,325.30999755859375
2025-06-16,198.4199981689453,177.94000244140625,479.1400146484375,144.69000244140625,329.1300048828125
2025-06-17,195.63999938964844,177.22999572753906,478.0400085449219,144.1199951171875,316.3500061035156
2025-06-18,196.5800018310547,173.97999572753906,480.239990234375,145.47999572753906,322.04998779296875
2025-06-20,201.0,167.72999572753906,477.3999938964844,143.85000610351562,322.1600036621094
2025-06-23,201.5,166.00999450683594,486.0,144.1699981689453,348.67999267578125
2025-06-24,200.3000030517578,167.74000549316406,490.1099853515625,147.89999389648438,340.4700012207031
2025-06-25,201.55999755859375,171.49000549316406,492.2699890136719,154.30999755859375,327.54998779296875
2025-06-26,201.0,174.42999267578125,497.45001220703125,155.02000427246094,325.7799987792969
2025-06-27,201.0800018310547,178.27000427246094,495.94000244140625,157.75,323.6300048828125
2025-06-30,205.1699981689453,177.38999938964844,497.4100036621094,157.99000549316406,317.6600036621094
2025-07-01,207.82000732421875,176.91000366210938,492.04998779296875,153.3000030517578,300.7099914550781
2025-07-02,212.44000244140625,179.75999450683594,491.0899963378906,157.25,315.6499938964844
2025-07-03,213.5500030517578,180.5500030517578,498.8399963378906,159.33999633789062,315.3500061035156
2025-07-07,209.9499969482422,177.55999755859375,497.7200012207031,158.24000549316406,293.94000244140625
2025-07-08,210.00999450683594,175.16000366210938,496.6199951171875,160.0,297.80999755859375
2025-07-09,211.13999938964844,177.66000366210938,503.510009765625,162.8800048828125,295.8800048828125
2025-07-10,212.41000366210938,178.6999969482422,501.4800109863281,164.10000610351562,309.8699951171875
2025-07-11,211.16000366210938,181.30999755859375,503.32000732421875,164.9199981689453,313.510009765625
2025-07-14,208.6199951171875,182.80999755859375,503.0199890136719,164.07000732421875,316.8999938964844
2025-07-15,209.11000061035156,183.10000610351562,505.82000732421875,170.6999969482422,310.7799987792969
2025-07-16,210.16000366210938,183.77000427246094,505.6199951171875,171.3699951171875,321.6700134277344
2025-07-17,210.02000427246094,184.6999969482422,511.70001220703125,173.0,319.4100036621094
2025-07-18,211.17999267578125,185.94000244140625,510.04998779296875,172.41000366210938,329.6499938964844
2025-07-21,212.47999572753906,191.14999389648438,510.05999755859375,171.3800048828125,328.489990234375
2025-07-22,214.39999389648438,192.11000061035156,505.2699890136719,167.02999877929688,332.1099853515625
